mass,velocity,translation,error translation,rotation,error rotation
0.055,0.17,0.00079,0.00001,0.280,0.007
0.075,0.20,0.00150,0.00002,0.387,0.010
0.095,0.23,0.00251,0.00003,0.512,0.013
0.115,0.25,0.00359,0.00003,0.605,0.015
0.135,0.27,0.00492,0.00004,0.706,0.018